product_id,barcode,name,price,stock,tax_rate
W1,8901011000015,Widget,10.00,20,18
G1,8901011000022,Gadget,25.50,15,18
S1,8901011000039,Sprocket,5.00,100,12
B1,8901011000046,Bolt,2.00,30,5
N1,8901011000053,Nut,1.00,50,5
Z1,8901011000060,Gizmo,12.75,40,28
A1,8901011000107,Atta 5kg,240.00,50,5
R1,8901011000114,Basmati Rice 1kg,95.00,40,5
SU1,8901011000121,Sugar 1kg,45.00,60,5
SL1,8901011000138,Tata Salt 1kg,28.00,80,0
MO1,8901011000145,Mustard Oil 1L,185.00,30,5
PG1,8901011000152,Parle-G Biscuits 200g,25.00,100,18
DT1,8901011000169,Detergent Powder 1kg,120.00,45,18
TM1,8901011000176,Turmeric Powder 200g,55.00,70,5
